{
  "accuracy": 0.9367088607594937,
  "auc": 0.5767556380245504,
  "model_type": "Pipeline"
}