{
  "accuracy": 0.9066265060240963,
  "auc": 0.5473996080040111,
  "model_type": "Pipeline"
}