{
  "accuracy": 0.9928057553956835,
  "auc": 0.5901022009952908,
  "model_type": "Pipeline"
}