{
  "accuracy": 0.8894009216589862,
  "auc": 0.5568823831535696,
  "model_type": "Pipeline"
}