{
  "accuracy": 0.9322033898305084,
  "auc": 0.5754730556155119,
  "model_type": "Pipeline"
}