{
  "accuracy": 0.9067796610169492,
  "auc": 0.5668468468468468,
  "model_type": "Pipeline"
}