{
  "accuracy": 0.953125,
  "auc": 0.5753290480563208,
  "model_type": "Pipeline"
}