{
  "accuracy": 0.9856527977044476,
  "auc": 0.6067080745341615,
  "model_type": "Pipeline"
}