{
  "accuracy": 0.940677966101695,
  "auc": 0.5835315315315316,
  "model_type": "Pipeline"
}