{
  "accuracy": 0.9008620689655172,
  "auc": 0.5711941523084956,
  "model_type": "Pipeline"
}