{
  "accuracy": 0.9121338912133892,
  "auc": 0.5992987377279103,
  "model_type": "Pipeline"
}